{
    "startup_app": {
        "name": "mph-stock-details-poc",
        "url": "http://localhost:8080/components/stock-details/index.html",
        "uuid": "mph-stock-details-poc",
        "icon": "https://www.mphasis.com/content/dam/mphasis-com/common/icons/favicon.ico",
        "autoShow": true,
        "saveWindowState": true,
        "maxHeight": 200,
        "defaultHeight": 200,
        "minHeight": 200
    },
    "runtime": {
        "arguments": "",
        "version": "stable"
    },
    "shortcut": {}
}
