{
    "startup_app": {
        "name": "MPH_POC_STOCKLIST",
        "url": "http://localhost:8080/components/stock-grid/index.html",
        "uuid": "MPH_POC_STOCKLIST",
        "icon": "https://www.mphasis.com/content/dam/mphasis-com/common/icons/favicon.ico",
        "autoShow": true,
        "saveWindowState": true,
        "maxHeight": 300,
        "defaultHeight": 300,
        "minHeight": 300
    },
    "runtime": {
        "arguments": "",
        "version": "16.83.50.9"
    },
    "shortcut": {
        "company": "OpenFin",
        "description": "Openfin POC",
        "icon": "http://localhost:8080/favicon.ico",
        "name": "Openfin Poc"
    }
}
