[
  {
    "symbol": "aapl",
    "Last Price": "2-Mar-17",
    "Change": 140,
    "Chg %": 140.28,
    "Currency": 138.76,
    "Market Time": 138.96,
    "Volume": 26210984
  },
  {
    "Symbol": "BABA",
    "Last Price": "2-Mar-17",
    "Change": 120.09,
    "Chg %": 120.12,
    "Currency": 119.28,
    "Market Time": 119.9,
    "Volume": 1819664
  },
  {
    "Symbol": "GOOG",
    "Last Price": "2-Mar-17",
    "Change": 853.08,
    "Chg %": 854.82,
    "Currency": 847.28,
    "Market Time": 848.91,
    "Volume": 2132098
  },
  {
    "Symbol": "JPM",
    "Last Price": "2-Mar-17",
    "Change": 87.9,
    "Chg %": 88.25,
    "Currency": 86.46,
    "Market Time": 87.01,
    "Volume": 1709488
  },
  {
    "Symbol": "MPHASIS.NS",
    "Last Price": "2-Mar-17",
    "Change": 833.85,
    "Chg %": 834.51,
    "Currency": 829.64,
    "Market Time": 830.63,
    "Volume": 942476
  },
  {
    "Symbol": "TSLA",
    "Last Price": "2-Mar-17",
    "Change": 97.88,
    "Chg %": 98.61,
    "Currency": 97.28,
    "Market Time": 97.53,
    "Volume": 1055930
  },
  {
    "Symbol": "VOD.L",
    "Last Price": "2-Mar-17",
    "Change": 35.93,
    "Chg %": 36.02,
    "Currency": 35.65,
    "Market Time": 35.91,
    "Volume": 23602100
  },
  {
    "Symbol": "VZ",
    "Last Price": "2-Mar-17",
    "Change": 64.69,
    "Chg %": 64.75,
    "Currency": 63.88,
    "Market Time": 64.01,
    "Volume": 24539597
  }
]